{
  "total_return": -6.5560761513956125,
  "ann_return": 3.9416473737856625,
  "ann_volatility": 2.655521967445363,
  "sharpe_ratio": 1.4843211323827097,
  "sortino_ratio": 2.361819521817246,
  "calmar_ratio": 0.6012204987805994,
  "omega_ratio": 1.408420561108925,
  "max_drawdown": -6.5560761513956125,
  "max_dd_duration_days": 364,
  "avg_dd_duration_days": 364.0,
  "recovery_time_days": 364.0,
  "total_trades": 1,
  "win_rate": 1.0,
  "avg_win_pct": 2.32147855787951,
  "avg_loss_pct": 0.0,
  "profit_factor": 0.0,
  "expected_value": 2.32147855787951,
  "avg_turnover_daily": 0.0,
  "total_cost_pct": 0.0,
  "skewness": 3.5953418585424473,
  "kurtosis": 128.1542079229788
}
